[{
    "productId" : 1,
    "productName" : "Leaf Rake",
    "productCode" : "GDN-0011",
    "releaseDate" : "March 19, 2016",
    "description" : "Leaf rake with 48-inch wodden handle.",
    "price" : 19.95,
    "starRating" : 3.2
  },
  {
    "productId" : 2,
    "productName" : "Garden Cart",
    "productCode" : "GDN-0023",
    "releaseDate" : "March 18, 2016",
    "description" : "15 gallon capacity rolling garden cart",
    "price" : 32.99,
    "starRating" : 4.2
  },
  {
    "productId" : 5,
    "productName" : "Hammer",
    "productCode" : "TBX-0048",
    "releaseDate" : "May 21, 2016",
    "description" : "Curved claw steel hammer",
    "price" : 8.9,
    "starRating" : 4.8
  },
  {
    "productId" : 8,
    "productName" : "Saw",
    "productCode" : "TBX-0022",
    "releaseDate" : "May 15, 2016",
    "description" : "15-inch steel blade hand saw",
    "price" : 11.55,
    "starRating": 3.8
  }]